region,store,week,sales
north,lahore,2023-01-02,129
north,islamabad,2023-01-02,85
south,karachi,2023-01-02,230
south,hyderabad,2023-01-02,72
north,lahore,2023-01-09,132
north,islamabad,2023-01-09,77
south,karachi,2023-01-09,243
south,hyderabad,2023-01-09,69
north,lahore,2023-01-16,133
north,islamabad,2023-01-16,90
south,karachi,2023-01-16,246
south,hyderabad,2023-01-16,79
north,lahore,2023-01-23,143
north,islamabad,2023-01-23,91
south,karachi,2023-01-23,236
south,hyderabad,2023-01-23,67
north,lahore,2023-01-30,140
north,islamabad,2023-01-30,100
south,karachi,2023-01-30,249
south,hyderabad,2023-01-30,73
north,lahore,2023-02-06,143
north,islamabad,2023-02-06,81
south,karachi,2023-02-06,245
south,hyderabad,2023-02-06,77
north,lahore,2023-02-13,147
north,islamabad,2023-02-13,89
south,karachi,2023-02-13,255
south,hyderabad,2023-02-13,75
north,lahore,2023-02-20,146
north,islamabad,2023-02-20,83
south,karachi,2023-02-20,257
south,hyderabad,2023-02-20,65
north,lahore,2023-02-27,115
north,islamabad,2023-02-27,86
south,karachi,2023-02-27,235
south,hyderabad,2023-02-27,78
north,lahore,2023-03-06,144
north,islamabad,2023-03-06,82
south,karachi,2023-03-06,259
south,hyderabad,2023-03-06,67
north,lahore,2023-03-13,137
north,islamabad,2023-03-13,88
south,karachi,2023-03-13,248
south,hyderabad,2023-03-13,77
north,lahore,2023-03-20,143
north,islamabad,2023-03-20,92
south,karachi,2023-03-20,254
south,hyderabad,2023-03-20,75
north,lahore,2023-03-27,131
north,islamabad,2023-03-27,85
south,karachi,2023-03-27,238
south,hyderabad,2023-03-27,74
north,lahore,2023-04-03,135
north,islamabad,2023-04-03,106
south,karachi,2023-04-03,233
south,hyderabad,2023-04-03,65
north,lahore,2023-04-10,144
north,islamabad,2023-04-10,100
south,karachi,2023-04-10,252
south,hyderabad,2023-04-10,76
north,lahore,2023-04-17,151
north,islamabad,2023-04-17,89
south,karachi,2023-04-17,226
south,hyderabad,2023-04-17,68
north,lahore,2023-04-24,147
north,islamabad,2023-04-24,80
south,karachi,2023-04-24,247
south,hyderabad,2023-04-24,73
north,lahore,2023-05-01,136
north,islamabad,2023-05-01,96
south,karachi,2023-05-01,256
south,hyderabad,2023-05-01,86
north,lahore,2023-05-08,145
north,islamabad,2023-05-08,87
south,karachi,2023-05-08,241
south,hyderabad,2023-05-08,68
north,lahore,2023-05-15,149
north,islamabad,2023-05-15,87
south,karachi,2023-05-15,249
south,hyderabad,2023-05-15,78
north,lahore,2023-05-22,134
north,islamabad,2023-05-22,90
north,multan,2023-05-22,45
south,karachi,2023-05-22,236
south,hyderabad,2023-05-22,70
north,lahore,2023-05-29,145
north,islamabad,2023-05-29,100
north,multan,2023-05-29,56
south,karachi,2023-05-29,255
south,hyderabad,2023-05-29,74
north,lahore,2023-06-05,150
north,islamabad,2023-06-05,98
north,multan,2023-06-05,58
south,karachi,2023-06-05,236
south,hyderabad,2023-06-05,78
north,lahore,2023-06-12,143
north,islamabad,2023-06-12,100
north,multan,2023-06-12,56
south,karachi,2023-06-12,276
south,hyderabad,2023-06-12,70
north,lahore,2023-06-19,153
north,islamabad,2023-06-19,91
north,multan,2023-06-19,53
south,karachi,2023-06-19,229
south,hyderabad,2023-06-19,70
north,lahore,2023-06-26,149
north,islamabad,2023-06-26,95
north,multan,2023-06-26,59
south,karachi,2023-06-26,207
south,hyderabad,2023-06-26,73
north,lahore,2023-07-03,139
north,islamabad,2023-07-03,83
north,multan,2023-07-03,50
south,karachi,2023-07-03,235
south,hyderabad,2023-07-03,77
north,lahore,2023-07-10,121
north,islamabad,2023-07-10,82
north,multan,2023-07-10,61
south,karachi,2023-07-10,221
south,hyderabad,2023-07-10,62
north,lahore,2023-07-17,128
north,islamabad,2023-07-17,74
north,multan,2023-07-17,53
south,karachi,2023-07-17,202
south,hyderabad,2023-07-17,66
north,lahore,2023-07-24,123
north,islamabad,2023-07-24,97
north,multan,2023-07-24,52
south,karachi,2023-07-24,229
south,hyderabad,2023-07-24,50
north,lahore,2023-07-31,117
north,islamabad,2023-07-31,80
north,multan,2023-07-31,59
south,karachi,2023-07-31,176
south,hyderabad,2023-07-31,60
north,lahore,2023-08-07,119
north,islamabad,2023-08-07,86
north,multan,2023-08-07,51
south,karachi,2023-08-07,190
south,hyderabad,2023-08-07,47
north,lahore,2023-08-14,98
north,islamabad,2023-08-14,74
north,multan,2023-08-14,44
south,karachi,2023-08-14,208
south,hyderabad,2023-08-14,42
north,lahore,2023-08-21,108
north,islamabad,2023-08-21,59
north,multan,2023-08-21,41
south,karachi,2023-08-21,173
south,hyderabad,2023-08-21,47
north,lahore,2023-08-28,114
north,islamabad,2023-08-28,67
north,multan,2023-08-28,35
south,karachi,2023-08-28,167
south,hyderabad,2023-08-28,42
north,lahore,2023-09-04,102
north,islamabad,2023-09-04,60
north,multan,2023-09-04,48
south,karachi,2023-09-04,154
south,hyderabad,2023-09-04,40
north,lahore,2023-09-11,106
north,islamabad,2023-09-11,68
north,multan,2023-09-11,42
south,karachi,2023-09-11,176
south,hyderabad,2023-09-11,35
north,lahore,2023-09-18,90
north,islamabad,2023-09-18,63
north,multan,2023-09-18,48
south,karachi,2023-09-18,142
south,hyderabad,2023-09-18,35
north,lahore,2023-09-25,102
north,islamabad,2023-09-25,58
north,multan,2023-09-25,28
south,karachi,2023-09-25,142
south,hyderabad,2023-09-25,32
north,lahore,2023-10-02,85
north,islamabad,2023-10-02,67
north,multan,2023-10-02,42
south,karachi,2023-10-02,123
south,hyderabad,2023-10-02,33
north,lahore,2023-10-09,90
north,islamabad,2023-10-09,51
north,multan,2023-10-09,42
south,karachi,2023-10-09,137
south,hyderabad,2023-10-09,26
north,lahore,2023-10-16,98
north,islamabad,2023-10-16,66
north,multan,2023-10-16,36
south,karachi,2023-10-16,147
south,hyderabad,2023-10-16,38
north,lahore,2023-10-23,89
north,islamabad,2023-10-23,66
north,multan,2023-10-23,41
south,karachi,2023-10-23,178
south,hyderabad,2023-10-23,22
north,lahore,2023-10-30,105
north,islamabad,2023-10-30,63
north,multan,2023-10-30,42
south,karachi,2023-10-30,180
south,hyderabad,2023-10-30,36
north,lahore,2023-11-06,123
north,islamabad,2023-11-06,65
north,multan,2023-11-06,46
south,karachi,2023-11-06,154
south,hyderabad,2023-11-06,34
north,lahore,2023-11-13,107
north,islamabad,2023-11-13,68
north,multan,2023-11-13,47
south,karachi,2023-11-13,141
south,hyderabad,2023-11-13,54
north,lahore,2023-11-20,110
north,islamabad,2023-11-20,85
north,multan,2023-11-20,42
south,karachi,2023-11-20,185
south,hyderabad,2023-11-20,64
north,lahore,2023-11-27,109
north,islamabad,2023-11-27,65
north,multan,2023-11-27,47
south,karachi,2023-11-27,198
south,hyderabad,2023-11-27,53
north,lahore,2023-12-04,133
north,islamabad,2023-12-04,77
north,multan,2023-12-04,43
south,karachi,2023-12-04,196
south,hyderabad,2023-12-04,60
north,lahore,2023-12-11,130
north,islamabad,2023-12-11,68
north,multan,2023-12-11,54
south,karachi,2023-12-11,231
south,hyderabad,2023-12-11,69
north,lahore,2023-12-18,135
north,islamabad,2023-12-18,86
north,multan,2023-12-18,49
south,karachi,2023-12-18,210
south,hyderabad,2023-12-18,60
north,lahore,2023-12-25,139
north,islamabad,2023-12-25,91
north,multan,2023-12-25,55
south,karachi,2023-12-25,214
south,hyderabad,2023-12-25,58
north,lahore,2024-01-01,127
north,islamabad,2024-01-01,93
north,multan,2024-01-01,46
south,karachi,2024-01-01,233
south,hyderabad,2024-01-01,68
north,lahore,2024-01-08,154
north,islamabad,2024-01-08,91
north,multan,2024-01-08,67
south,karachi,2024-01-08,238
south,hyderabad,2024-01-08,63
north,lahore,2024-01-15,137
north,islamabad,2024-01-15,102
north,multan,2024-01-15,68
south,karachi,2024-01-15,255
south,hyderabad,2024-01-15,89
north,lahore,2024-01-22,144
north,islamabad,2024-01-22,97
north,multan,2024-01-22,64
south,karachi,2024-01-22,248
south,hyderabad,2024-01-22,84
north,lahore,2024-01-29,159
north,islamabad,2024-01-29,83
north,multan,2024-01-29,61
south,karachi,2024-01-29,260
south,hyderabad,2024-01-29,76
north,lahore,2024-02-05,134
north,islamabad,2024-02-05,78
north,multan,2024-02-05,52
south,karachi,2024-02-05,254
south,hyderabad,2024-02-05,71
north,lahore,2024-02-12,150
north,islamabad,2024-02-12,88
north,multan,2024-02-12,56
south,karachi,2024-02-12,227
south,hyderabad,2024-02-12,73
north,lahore,2024-02-19,150
north,islamabad,2024-02-19,100
north,multan,2024-02-19,69
south,karachi,2024-02-19,252
south,hyderabad,2024-02-19,79
north,lahore,2024-02-26,145
north,islamabad,2024-02-26,89
north,multan,2024-02-26,61
south,karachi,2024-02-26,245
south,hyderabad,2024-02-26,58
north,lahore,2024-03-04,147
north,islamabad,2024-03-04,95
north,multan,2024-03-04,62
south,karachi,2024-03-04,242
south,hyderabad,2024-03-04,72
north,lahore,2024-03-11,161
north,islamabad,2024-03-11,93
north,multan,2024-03-11,61
south,karachi,2024-03-11,243
south,hyderabad,2024-03-11,69
north,lahore,2024-03-18,133
north,islamabad,2024-03-18,92
north,multan,2024-03-18,64
south,karachi,2024-03-18,276
south,hyderabad,2024-03-18,75
north,lahore,2024-03-25,154
north,islamabad,2024-03-25,87
north,multan,2024-03-25,68
south,karachi,2024-03-25,234
south,hyderabad,2024-03-25,71
north,lahore,2024-04-01,149
north,islamabad,2024-04-01,87
north,multan,2024-04-01,76
south,karachi,2024-04-01,257
south,hyderabad,2024-04-01,57
north,lahore,2024-04-08,150
north,islamabad,2024-04-08,90
north,multan,2024-04-08,64
south,karachi,2024-04-08,256
south,hyderabad,2024-04-08,71
north,lahore,2024-04-15,127
north,islamabad,2024-04-15,84
north,multan,2024-04-15,69
south,karachi,2024-04-15,269
south,hyderabad,2024-04-15,80
north,lahore,2024-04-22,162
north,islamabad,2024-04-22,79
north,multan,2024-04-22,70
south,karachi,2024-04-22,225
south,hyderabad,2024-04-22,79
north,lahore,2024-04-29,149
north,islamabad,2024-04-29,85
north,multan,2024-04-29,77
south,karachi,2024-04-29,262
south,hyderabad,2024-04-29,58
north,lahore,2024-05-06,150
north,islamabad,2024-05-06,89
north,multan,2024-05-06,66
south,karachi,2024-05-06,248
south,hyderabad,2024-05-06,78
north,lahore,2024-05-13,135
north,islamabad,2024-05-13,96
north,multan,2024-05-13,77
south,karachi,2024-05-13,244
south,hyderabad,2024-05-13,72
north,lahore,2024-05-20,150
north,islamabad,2024-05-20,89
north,multan,2024-05-20,70
south,karachi,2024-05-20,258
south,hyderabad,2024-05-20,65
north,lahore,2024-05-27,165
north,islamabad,2024-05-27,100
north,multan,2024-05-27,66
south,karachi,2024-05-27,247
south,hyderabad,2024-05-27,66
north,lahore,2024-06-03,159
north,islamabad,2024-06-03,93
north,multan,2024-06-03,69
south,karachi,2024-06-03,253
south,hyderabad,2024-06-03,74
north,lahore,2024-06-10,147
north,islamabad,2024-06-10,99
north,multan,2024-06-10,65
south,karachi,2024-06-10,265
south,hyderabad,2024-06-10,73
north,lahore,2024-06-17,145
north,islamabad,2024-06-17,87
north,multan,2024-06-17,60
south,karachi,2024-06-17,240
south,hyderabad,2024-06-17,62
north,lahore,2024-06-24,152
north,islamabad,2024-06-24,91
north,multan,2024-06-24,75
south,karachi,2024-06-24,278
south,hyderabad,2024-06-24,66
north,lahore,2024-07-01,128
north,islamabad,2024-07-01,87
north,multan,2024-07-01,64
south,karachi,2024-07-01,219
south,hyderabad,2024-07-01,63
north,lahore,2024-07-08,141
north,islamabad,2024-07-08,85
north,multan,2024-07-08,59
south,karachi,2024-07-08,222
south,hyderabad,2024-07-08,72
north,lahore,2024-07-15,133
north,islamabad,2024-07-15,80
north,multan,2024-07-15,60
south,karachi,2024-07-15,238
south,hyderabad,2024-07-15,54
north,lahore,2024-07-22,135
north,islamabad,2024-07-22,88
north,multan,2024-07-22,65
south,karachi,2024-07-22,235
south,hyderabad,2024-07-22,52
north,lahore,2024-07-29,137
north,islamabad,2024-07-29,75
north,multan,2024-07-29,57
south,karachi,2024-07-29,222
south,hyderabad,2024-07-29,56
north,lahore,2024-08-05,122
north,islamabad,2024-08-05,69
north,multan,2024-08-05,61
south,karachi,2024-08-05,186
south,hyderabad,2024-08-05,42
north,lahore,2024-08-12,111
north,islamabad,2024-08-12,77
north,multan,2024-08-12,43
south,karachi,2024-08-12,190
south,hyderabad,2024-08-12,45
north,lahore,2024-08-19,108
north,islamabad,2024-08-19,80
north,multan,2024-08-19,58
south,karachi,2024-08-19,166
south,hyderabad,2024-08-19,36
north,lahore,2024-08-26,115
north,islamabad,2024-08-26,59
north,multan,2024-08-26,51
south,karachi,2024-08-26,157
south,hyderabad,2024-08-26,37
north,lahore,2024-09-02,107
north,islamabad,2024-09-02,68
north,multan,2024-09-02,58
south,karachi,2024-09-02,161
south,hyderabad,2024-09-02,32
north,lahore,2024-09-09,91
north,islamabad,2024-09-09,71
north,multan,2024-09-09,53
south,karachi,2024-09-09,171
south,hyderabad,2024-09-09,26
north,lahore,2024-09-16,100
north,islamabad,2024-09-16,64
north,multan,2024-09-16,49
south,karachi,2024-09-16,146
south,hyderabad,2024-09-16,19
north,lahore,2024-09-23,106
north,islamabad,2024-09-23,68
north,multan,2024-09-23,56
south,karachi,2024-09-23,175
south,hyderabad,2024-09-23,26
north,lahore,2024-09-30,98
north,islamabad,2024-09-30,64
north,multan,2024-09-30,61
south,karachi,2024-09-30,118
south,hyderabad,2024-09-30,30
north,lahore,2024-10-07,86
north,islamabad,2024-10-07,46
north,multan,2024-10-07,37
south,karachi,2024-10-07,124
south,hyderabad,2024-10-07,34
north,lahore,2024-10-14,93
north,islamabad,2024-10-14,63
north,multan,2024-10-14,43
south,karachi,2024-10-14,155
south,hyderabad,2024-10-14,22
north,lahore,2024-10-21,115
north,islamabad,2024-10-21,59
north,multan,2024-10-21,47
south,karachi,2024-10-21,153
south,hyderabad,2024-10-21,31
north,lahore,2024-10-28,119
north,islamabad,2024-10-28,69
north,multan,2024-10-28,46
south,karachi,2024-10-28,150
south,hyderabad,2024-10-28,30
north,lahore,2024-11-04,117
north,islamabad,2024-11-04,73
north,multan,2024-11-04,54
south,karachi,2024-11-04,179
south,hyderabad,2024-11-04,33
north,lahore,2024-11-11,113
north,islamabad,2024-11-11,74
north,multan,2024-11-11,66
south,karachi,2024-11-11,175
south,hyderabad,2024-11-11,37
north,lahore,2024-11-18,110
north,islamabad,2024-11-18,80
north,multan,2024-11-18,55
south,karachi,2024-11-18,191
south,hyderabad,2024-11-18,31
north,lahore,2024-11-25,134
north,islamabad,2024-11-25,69
north,multan,2024-11-25,56
south,karachi,2024-11-25,211
south,hyderabad,2024-11-25,39
north,lahore,2024-12-02,128
north,islamabad,2024-12-02,82
north,multan,2024-12-02,57
south,karachi,2024-12-02,226
south,hyderabad,2024-12-02,59
north,lahore,2024-12-09,116
north,islamabad,2024-12-09,74
north,multan,2024-12-09,69
south,karachi,2024-12-09,199
south,hyderabad,2024-12-09,52
north,lahore,2024-12-16,139
north,islamabad,2024-12-16,92
north,multan,2024-12-16,65
south,karachi,2024-12-16,228
south,hyderabad,2024-12-16,53
north,lahore,2024-12-23,154
north,islamabad,2024-12-23,86
north,multan,2024-12-23,70
south,karachi,2024-12-23,228
south,hyderabad,2024-12-23,61
north,lahore,2024-12-30,144
north,islamabad,2024-12-30,90
north,multan,2024-12-30,64
south,karachi,2024-12-30,254
south,hyderabad,2024-12-30,71
north,lahore,2025-01-06,151
north,islamabad,2025-01-06,98
north,multan,2025-01-06,76
south,karachi,2025-01-06,261
south,hyderabad,2025-01-06,67
north,lahore,2025-01-13,153
north,islamabad,2025-01-13,100
north,multan,2025-01-13,73
south,karachi,2025-01-13,240
south,hyderabad,2025-01-13,67
north,lahore,2025-01-20,135
north,islamabad,2025-01-20,95
north,multan,2025-01-20,75
south,karachi,2025-01-20,274
south,hyderabad,2025-01-20,69
north,lahore,2025-01-27,162
north,islamabad,2025-01-27,96
north,multan,2025-01-27,67
south,karachi,2025-01-27,239
south,hyderabad,2025-01-27,63
north,lahore,2025-02-03,142
north,islamabad,2025-02-03,101
north,multan,2025-02-03,73
south,karachi,2025-02-03,268
south,hyderabad,2025-02-03,69
north,lahore,2025-02-10,164
north,islamabad,2025-02-10,104
north,multan,2025-02-10,70
south,karachi,2025-02-10,256
south,hyderabad,2025-02-10,66
north,lahore,2025-02-17,140
north,islamabad,2025-02-17,101
north,multan,2025-02-17,81
south,karachi,2025-02-17,260
south,hyderabad,2025-02-17,65
north,lahore,2025-02-24,164
north,islamabad,2025-02-24,79
north,multan,2025-02-24,75
south,karachi,2025-02-24,261
south,hyderabad,2025-02-24,65
north,lahore,2025-03-03,166
north,islamabad,2025-03-03,102
north,multan,2025-03-03,73
south,karachi,2025-03-03,256
south,hyderabad,2025-03-03,65
north,lahore,2025-03-10,148
north,islamabad,2025-03-10,86
north,multan,2025-03-10,82
south,karachi,2025-03-10,271
south,hyderabad,2025-03-10,72
north,lahore,2025-03-17,143
north,islamabad,2025-03-17,110
north,multan,2025-03-17,86
south,karachi,2025-03-17,258
south,hyderabad,2025-03-17,61
north,lahore,2025-03-24,145
north,islamabad,2025-03-24,98
north,multan,2025-03-24,69
south,karachi,2025-03-24,254
south,hyderabad,2025-03-24,73
north,lahore,2025-03-31,139
north,islamabad,2025-03-31,109
north,multan,2025-03-31,84
south,karachi,2025-03-31,237
south,hyderabad,2025-03-31,58
north,lahore,2025-04-07,150
north,islamabad,2025-04-07,88
north,multan,2025-04-07,73
south,karachi,2025-04-07,219
south,hyderabad,2025-04-07,65
north,lahore,2025-04-14,169
north,islamabad,2025-04-14,87
north,multan,2025-04-14,73
south,karachi,2025-04-14,235
south,hyderabad,2025-04-14,70
north,lahore,2025-04-21,152
north,islamabad,2025-04-21,109
north,multan,2025-04-21,77
south,karachi,2025-04-21,252
south,hyderabad,2025-04-21,70
north,lahore,2025-04-28,150
north,islamabad,2025-04-28,87
north,multan,2025-04-28,78
south,karachi,2025-04-28,256
south,hyderabad,2025-04-28,68
north,lahore,2025-05-05,159
north,islamabad,2025-05-05,93
north,multan,2025-05-05,79
south,karachi,2025-05-05,284
south,hyderabad,2025-05-05,61
north,lahore,2025-05-12,172
north,islamabad,2025-05-12,95
north,multan,2025-05-12,72
south,karachi,2025-05-12,295
south,hyderabad,2025-05-12,69
north,lahore,2025-05-19,169
north,islamabad,2025-05-19,103
north,multan,2025-05-19,67
south,karachi,2025-05-19,263
south,hyderabad,2025-05-19,65
north,lahore,2025-05-26,144
north,islamabad,2025-05-26,84
north,multan,2025-05-26,78
south,karachi,2025-05-26,270
south,hyderabad,2025-05-26,70
north,lahore,2025-06-02,153
north,islamabad,2025-06-02,91
north,multan,2025-06-02,71
south,karachi,2025-06-02,253
south,hyderabad,2025-06-02,61
north,lahore,2025-06-09,154
north,islamabad,2025-06-09,96
north,multan,2025-06-09,72
south,karachi,2025-06-09,255
south,hyderabad,2025-06-09,62
north,lahore,2025-06-16,154
north,islamabad,2025-06-16,99
north,multan,2025-06-16,78
south,karachi,2025-06-16,262
south,hyderabad,2025-06-16,56
north,lahore,2025-06-23,149
north,islamabad,2025-06-23,96
north,multan,2025-06-23,80
south,karachi,2025-06-23,229
south,hyderabad,2025-06-23,65
north,lahore,2025-06-30,160
north,islamabad,2025-06-30,91
north,multan,2025-06-30,74
south,karachi,2025-06-30,251
south,hyderabad,2025-06-30,63
north,lahore,2025-07-07,152
north,islamabad,2025-07-07,91
north,multan,2025-07-07,75
south,karachi,2025-07-07,227
south,hyderabad,2025-07-07,58
north,lahore,2025-07-14,154
north,islamabad,2025-07-14,87
north,multan,2025-07-14,72
south,karachi,2025-07-14,223
south,hyderabad,2025-07-14,60
north,lahore,2025-07-21,131
north,islamabad,2025-07-21,92
north,multan,2025-07-21,65
south,karachi,2025-07-21,205
south,hyderabad,2025-07-21,53
north,lahore,2025-07-28,135
north,islamabad,2025-07-28,85
north,multan,2025-07-28,76
south,karachi,2025-07-28,205
south,hyderabad,2025-07-28,51
north,lahore,2025-08-04,121
north,islamabad,2025-08-04,89
north,multan,2025-08-04,72
south,karachi,2025-08-04,208
south,hyderabad,2025-08-04,46
north,lahore,2025-08-11,118
north,islamabad,2025-08-11,75
north,multan,2025-08-11,69
south,karachi,2025-08-11,190
south,hyderabad,2025-08-11,42
north,lahore,2025-08-18,108
north,islamabad,2025-08-18,76
north,multan,2025-08-18,60
south,karachi,2025-08-18,165
south,hyderabad,2025-08-18,36
north,lahore,2025-08-25,100
north,islamabad,2025-08-25,77
north,multan,2025-08-25,68
south,karachi,2025-08-25,170
south,hyderabad,2025-08-25,28
north,lahore,2025-09-01,105
north,islamabad,2025-09-01,69
north,multan,2025-09-01,47
south,karachi,2025-09-01,165
south,hyderabad,2025-09-01,35
north,lahore,2025-09-08,107
north,islamabad,2025-09-08,65
north,multan,2025-09-08,62
south,karachi,2025-09-08,161
south,hyderabad,2025-09-08,35
north,lahore,2025-09-15,108
north,islamabad,2025-09-15,62
north,multan,2025-09-15,57
south,karachi,2025-09-15,154
south,hyderabad,2025-09-15,36
north,lahore,2025-09-22,104
north,islamabad,2025-09-22,59
north,multan,2025-09-22,54
south,karachi,2025-09-22,119
south,hyderabad,2025-09-22,27
north,lahore,2025-09-29,94
north,islamabad,2025-09-29,58
north,multan,2025-09-29,48
south,karachi,2025-09-29,132
south,hyderabad,2025-09-29,28
north,lahore,2025-10-06,95
north,islamabad,2025-10-06,54
north,multan,2025-10-06,61
south,karachi,2025-10-06,144
south,hyderabad,2025-10-06,28
north,lahore,2025-10-13,115
north,islamabad,2025-10-13,67
north,multan,2025-10-13,53
south,karachi,2025-10-13,150
south,hyderabad,2025-10-13,29
north,lahore,2025-10-20,106
north,islamabad,2025-10-20,59
north,multan,2025-10-20,68
south,karachi,2025-10-20,151
south,hyderabad,2025-10-20,26
north,lahore,2025-10-27,114
north,islamabad,2025-10-27,78
north,multan,2025-10-27,65
south,karachi,2025-10-27,159
south,hyderabad,2025-10-27,34
north,lahore,2025-11-03,137
north,islamabad,2025-11-03,83
north,multan,2025-11-03,69
south,karachi,2025-11-03,156
south,hyderabad,2025-11-03,56
north,lahore,2025-11-10,112
north,islamabad,2025-11-10,73
north,multan,2025-11-10,63
south,karachi,2025-11-10,204
south,hyderabad,2025-11-10,39
north,lahore,2025-11-17,114
north,islamabad,2025-11-17,80
north,multan,2025-11-17,72
south,karachi,2025-11-17,187
south,hyderabad,2025-11-17,33
north,lahore,2025-11-24,125
north,islamabad,2025-11-24,78
north,multan,2025-11-24,71
south,karachi,2025-11-24,194
south,hyderabad,2025-11-24,48
north,lahore,2025-12-01,128
north,islamabad,2025-12-01,72
north,multan,2025-12-01,69
south,karachi,2025-12-01,231
south,hyderabad,2025-12-01,44
north,lahore,2025-12-08,163
north,islamabad,2025-12-08,90
north,multan,2025-12-08,68
south,karachi,2025-12-08,211
south,hyderabad,2025-12-08,53
north,lahore,2025-12-15,135
north,islamabad,2025-12-15,106
north,multan,2025-12-15,71
south,karachi,2025-12-15,241
south,hyderabad,2025-12-15,63
north,lahore,2025-12-22,149
north,islamabad,2025-12-22,85
north,multan,2025-12-22,77
south,karachi,2025-12-22,245
south,hyderabad,2025-12-22,63
